Temp,Pressure,RF_Power,Gas_Flow,Etch_Time,Tool_ID,target_cd
122.4835708,0.346308877,277.9871087,48.89180538,53.24821725,1,44.23341844
119.3086785,0.395470832,268.4926737,42.24407142,58.55481329,3,46.07598431
123.2384427,0.230071621,251.1926074,40.90900558,52.07580079,3,43.9237777
127.6151493,0.328148462,237.0612644,44.98312771,56.9203847,3,45.66321419
118.8292331,0.267467872,263.9644663,44.14907689,41.06385333,1,43.38625207
118.8293152,0.275643731,257.8697077,42.73385975,62.13293707,1,42.01369737
127.8960641,0.270380304,267.9038644,48.48193724,60.01205475,3,51.38422514
123.8371736,0.256800462,262.703436,49.77652604,51.82911369,2,45.94205517
117.6526281,0.302426081,270.9910543,45.44203443,66.59245668,3,43.38054232
122.7128002,0.258452494,239.2952958,52.38765041,69.37570138,1,41.88395943
117.6829115,0.313522841,276.3478813,39.29155443,43.92440136,1,45.87009593
117.6713512,0.297488095,253.9519921,44.0317027,52.37275221,3,47.42032624
121.2098114,0.288052598,291.5052175,41.4158884,52.3085765,3,44.8106041
110.4335988,0.254621817,236.2162436,35.66731691,50.60096899,3,43.09297023
111.3754108,0.271161433,284.7192761,44.58659657,68.29474842,1,44.16549215
117.1885624,0.337769561,253.9582157,44.39126246,58.06173861,1,46.6941379
114.9358444,0.325045859,236.9716399,52.56724872,57.35485159,3,43.65243994
121.5712367,0.251122238,240.3222833,48.15405842,39.96137636,2,37.72924366
115.4598796,0.304966615,243.5930538,39.87906588,66.3541803,3,44.08924188
112.9384815,0.337569356,258.4833189,54.27046283,47.60741605,1,43.84892793
127.3282438,0.216529736,260.4567098,51.10516848,60.5993263,1,46.55068459
118.8711185,0.32716801,238.5259999,47.91048852,62.77376938,3,50.50735664
120.337641,0.266868812,249.5129082,43.86757951,73.60658596,3,45.32353672
112.8762591,0.328529933,292.8454072,40.20280382,46.91179601,3,45.52684136
117.2780864,0.261837042,284.5508634,43.13896612,29.80487844,1,44.9738613
120.5546129,0.209755895,258.7264734,50.4437431,61.83849545,1,45.576855
114.2450321,0.218622878,250.7600696,54.42293153,78.00511182,3,46.03061287
121.8784901,0.302404247,252.4006265,52.71621764,72.38946353,2,46.66291991
116.9968066,0.312986125,262.2703595,42.55575289,62.09659415,3,48.60328044
118.5415313,0.254784169,229.5441487,39.40191283,55.08363814,1,42.77266414
116.9914669,0.331929623,244.8524693,45.70443123,68.07122597,1,43.4589368
129.2613909,0.216923997,216.6283185,36.15780317,50.264538,3,42.48898933
119.9325139,0.29669601,257.9844625,46.61583857,64.76357769,3,46.56453401
114.7114454,0.23944919,262.9439188,44.26198707,65.05470159,3,42.18033294
124.1127246,0.267408195,240.3362708,42.66981749,70.60209907,1,44.22425059
113.8957818,0.302369934,281.4797353,37.02648466,87.59660039,1,44.85669267
121.044318,0.256979332,225.4846867,47.56800053,63.92415967,3,46.60908424
110.2016494,0.280772223,220.7125024,42.3364958,54.91036374,2,47.00737266
113.3590698,0.35031464,254.4890364,39.15041582,59.74425688,3,41.54583268
120.9843062,0.271155407,270.9419661,30.63868893,42.30924095,1,44.90325694
123.6923329,0.341784606,283.6785538,44.86242547,53.05286869,1,44.19105646
120.8568414,0.243514657,240.8223147,53.86125798,55.90717562,3,42.63996314
119.4217586,0.326490209,271.5736167,53.30629607,54.75911602,3,43.97943463
118.4944815,0.372078431,249.2298306,42.71451872,61.52354872,3,44.60725083
112.60739,0.176417775,246.547454,41.9889397,51.77580068,1,50.56804276
116.400779,0.260155237,267.6731987,47.34387128,71.21030667,1,43.81597837
117.6968061,0.328853606,263.0464576,40.0080728,60.00207065,3,43.40383906
125.2856111,0.289847731,218.4721569,46.5089595,59.90699679,2,43.53419725
121.7180914,0.318557294,279.530807,48.83040139,56.72105283,3,47.46825652
111.1847992,0.269800741,277.6018271,51.13466612,61.55190684,1,50.37413247
121.6204198,0.304329489,237.488746,44.49922962,68.25098265,1,40.45635968
118.0745886,0.292216138,257.9160707,43.98163125,51.32869784,3,40.53071023
116.61539,0.358389103,259.8806037,40.61008707,53.41883511,3,48.45338165
123.0583814,0.312721042,255.2134753,40.86559823,56.96273971,3,44.99547483
125.1549976,0.316880133,238.9938969,43.86760554,46.54129077,1,44.99835111
124.6564006,0.279406152,236.5675326,46.83682753,51.8074214,1,45.21248608
115.8039124,0.275619689,249.4889186,49.56792313,55.23779126,3,39.17295774
118.4539381,0.278372091,273.4545804,40.98410525,68.74389181,2,45.21114004
121.6563172,0.319722607,260.8720031,52.46344284,62.62561329,3,44.45349282
124.8777256,0.278950776,242.5877134,43.64438199,61.93589911,1,46.45285957
117.6041288,0.314488743,265.4339742,44.89316353,68.50897962,1,43.28966136
119.0717051,0.40377004,193.0291476,41.2639416,58.62628212,3,44.83851392
114.4683251,0.343556235,272.975314,32.8787987,63.9046485,3,43.05576389
114.0189669,0.283698823,215.2057244,49.42022698,58.96778247,3,44.9814354
124.0626291,0.360060696,242.7511812,48.68421949,62.65362349,1,41.69483705
126.7812001,0.279596231,227.6066021,43.59336221,54.17241342,1,44.50539153
119.6399494,0.198093773,224.1063705,45.33495359,35.61182842,3,44.76330228
125.0176645,0.249595684,273.2165357,47.57969609,58.65720838,2,46.32067411
121.8081801,0.206460404,240.645976,37.18727072,74.22748136,3,46.94216635
116.7744012,0.282424326,256.9300776,42.35473661,69.26215402,1,45.22348162
121.806978,0.300920919,249.0615884,48.9713234,69.65397485,1,43.80714549
127.6901828,0.383821866,259.5408165,38.72855288,72.36130722,3,43.80533183
119.8208698,0.316346369,251.5364378,46.46778966,60.88657591,3,44.6029755
127.8232183,0.289044974,224.3401555,38.21709098,61.97315707,3,46.53144767
106.9012745,0.341470279,269.9253364,47.33214991,53.82348105,1,49.50855319
124.1095125,0.189443235,240.1248683,44.82179259,56.83927144,1,44.59412787
120.4352353,0.311780728,218.868362,36.92434092,66.1577115,3,48.70350997
118.5049632,0.33854326,241.4376968,50.82369677,72.03884437,2,47.54675763
120.4588039,0.226070688,280.0151958,41.32704212,58.60553724,3,45.79529726
110.0621554,0.357187702,267.0044348,40.94873781,55.49810735,1,48.26871235
118.9016406,0.31692482,243.0269573,46.00284599,60.00527959,1,46.9447426
121.7855629,0.279235604,243.0148459,50.74318675,66.01206749,3,45.91867826
127.3894702,0.331639093,243.567299,39.92089091,45.56145184,3,42.92668899
117.4086489,0.413534643,291.5349597,45.30839925,37.03819047,3,46.3299513
115.957532,0.309093313,257.638709,47.1440825,54.49463151,1,47.00709272
117.4912148,0.312411029,258.6008329,48.46552804,47.79287574,1,44.05864441
124.5770106,0.277031955,270.6056691,45.88220778,54.91859802,3,42.30491712
121.6437555,0.257507782,254.7757832,43.1648608,58.52219681,2,45.81300952
117.351199,0.341516791,244.8191571,40.8620489,55.46751591,3,41.44882101
122.5663372,0.257195809,246.073003,45.43071942,74.52467534,1,45.01653879
120.4853877,0.303578312,248.5679748,39.63930494,63.26744765,1,45.65689704
124.843225,0.276117128,249.2555553,30.39324758,63.0047436,3,44.84510899
116.4897345,0.323948991,264.5525909,47.18279902,66.22207144,3,44.81989452
118.3616893,0.316683105,251.0389177,49.51967421,48.61166882,3,45.53565544
118.0394592,0.351876997,264.6528015,33.18533782,70.39111787,1,45.8329788
112.6824253,0.27449918,248.3856684,39.95134648,59.24235713,1,41.78568626
121.4806014,0.286506253,251.5727038,48.09577131,66.70480617,3,44.82832407
121.3052764,0.251061814,210.0359863,55.28747735,49.28142767,2,46.00611169
120.0255673,0.277785337,268.3265535,45.10396854,44.46241234,3,47.27064067
118.8270643,0.318865025,256.9297695,41.35998529,68.17889658,1,44.59605239
112.9231463,0.337849431,269.9602022,44.08551779,63.76409526,1,40.54000202
117.8967734,0.253891734,192.0748924,51.8743821,50.97948446,3,47.09497855
118.2864274,0.343480296,291.7674941,41.7701791,51.30336919,3,45.37875612
115.9886137,0.367781893,247.2082074,41.00403997,71.25434784,3,43.69127724
119.1935714,0.320671745,272.1636563,42.58628239,48.10588107,1,43.02170675
122.0202543,0.393839791,229.2018815,40.23335696,76.42672953,1,44.9923666
129.4309295,0.26131054,262.2554781,45.61335158,50.99379265,3,42.49736913
120.8728891,0.237767265,228.9316887,53.12339229,66.38391926,2,41.1612582
121.287752,0.211063988,237.5246208,46.61539637,56.71381524,3,47.24473581
119.6277704,0.374802216,288.2806271,43.73823249,66.03187431,1,45.67993374
110.4061439,0.332718283,246.186352,43.54094366,54.55885998,1,45.14126014
119.8674306,0.297220766,254.3486575,37.18404596,58.37207094,3,42.44148976
120.301151,0.313998431,267.4013546,49.41554889,60.40919175,3,44.29615718
132.3162106,0.243725548,259.9136378,44.61081401,49.97812544,3,43.77748043
119.0381952,0.422287599,253.0083781,44.09760043,67.40824345,1,46.58656751
121.5077367,0.306461059,257.29922,60.96553784,54.86786434,1,46.58815459
119.8264412,0.30546974,298.0683117,46.49376454,57.71400085,3,43.33738327
114.1566098,0.336288331,248.8476241,41.24104475,50.05650625,2,44.40819961
125.7141141,0.324050462,254.0219809,42.86821202,34.37666341,3,46.96326794
123.7596652,0.311194201,271.0130879,50.74222855,58.08972237,1,49.56705176
123.9551597,0.260476277,272.1105187,45.56635205,84.12615422,1,45.9254516
115.4530627,0.323573418,273.7406061,37.80861011,67.84604288,3,45.96594646
127.0139716,0.394101225,262.7746044,49.59614467,59.8073962,3,45.65886092
112.9907447,0.367271002,227.1399017,41.65927957,57.37109171,3,47.46288891
122.9342855,0.379659331,282.6686306,54.36648888,60.22465893,1,45.68012839
130.9522781,0.274439216,227.0730921,50.40024033,65.47119115,1,44.01747733
115.0473184,0.250519759,256.0527093,42.76339052,48.19187185,3,45.89738385
117.1685114,0.293710654,234.914483,51.40508181,71.14321695,2,47.71410887
120.4982568,0.302786246,248.7172331,45.33927755,67.15381315,3,44.18659248
117.4826217,0.354709576,256.5752482,49.26386838,67.18185726,1,43.62952092
112.2466828,0.215376769,256.4271443,47.42366409,64.38475739,1,45.50391694
120.3428149,0.376477516,258.4384151,40.76821673,60.19616658,3,45.88879895
114.6884814,0.292099605,282.2742254,41.78225084,66.72861236,3,43.66338323
122.3679622,0.278655947,259.070686,50.14980409,65.91814134,3,47.11755557
115.4028788,0.249394781,245.1168673,43.32612334,56.45959289,1,48.44124038
127.749672,0.217257166,269.2817434,42.98175768,54.26398227,1,47.58608843
116.0837335,0.341158529,273.7894098,40.2243871,61.01856295,3,46.33282095
118.3896924,0.303665898,225.4478437,47.11799533,75.49020151,2,45.8614587
124.0675861,0.235501955,261.9480014,55.3126246,47.60892924,3,43.40842409
113.8456784,0.235246061,264.0234548,39.66233543,45.32474734,1,45.52821301
121.1372997,0.283210765,244.0487299,45.12109728,61.64760841,1,49.46538347
126.5357138,0.383451076,277.5141363,52.06110278,60.50887702,3,42.43668079
111.9625838,0.287020432,246.9988883,44.60179304,61.73341664,3,43.20563784
120.9231693,0.224842852,252.5115291,47.26185898,62.43953198,3,43.09300157
121.299414,0.287712847,246.5385635,39.68803236,57.76797745,1,43.25299688
123.9091144,0.286363822,250.311581,47.14153549,74.89863439,1,43.90052037
113.8152464,0.165155668,228.0744983,44.06427867,43.99096022,3,43.55135791
113.3977169,0.297285257,221.1989823,49.92864998,51.71502975,2,41.4766921
122.6097078,0.288453273,281.8901013,50.93693026,58.9674524,3,44.9205713
121.4849234,0.334810318,233.060773,57.94781821,43.56811189,1,45.90791212
121.2524643,0.392447805,230.172153,47.89816587,58.24145596,1,44.02647134
121.732241,0.356328251,206.9321977,46.62898158,76.61470166,3,47.66936065
116.5998764,0.286555565,237.220765,45.97192151,60.20886488,3,43.11459596
121.1612685,0.244673705,223.5382041,43.23416854,62.30700906,3,46.68633911
121.4653624,0.42866799,282.8403032,46.69241922,47.39835235,1,42.64578707
116.4282429,0.302960922,270.1963418,43.52299295,53.83638592,1,45.07777464
129.3288726,0.300696465,236.2369931,45.84230488,56.2480362,3,41.57870556
122.3691646,0.298793746,295.0487161,51.58798768,56.82284903,2,46.88990347
114.0434825,0.309904238,269.6353097,39.96728717,72.81643795,3,46.67231951
123.282768,0.292781979,243.5033723,50.69939281,65.57691061,1,46.41968691
115.1265916,0.2713169,200.0118857,51.58557534,48.88542043,1,42.0423074
123.935423,0.272657053,295.8188515,44.40965737,62.46504778,3,43.66576451
125.7929779,0.298362336,222.2085507,34.3907255,64.98221748,3,45.73536613
115.8965884,0.272828761,217.0920251,41.96089006,71.40149039,3,42.40870362
124.8168806,0.264357711,270.4514086,51.48497273,75.80540687,1,44.77204992
122.0639046,0.305321511,298.7950481,44.88565969,49.84905808,1,40.51389558
124.1103008,0.287251139,277.6854564,40.00348884,51.89142489,3,46.30642472
129.4839649,0.375199649,261.2781824,42.47612539,47.42422141,2,42.69300686
118.7730594,0.16745151,261.8950868,49.20310013,57.65980141,3,46.00797621
116.2313192,0.354575343,267.0683112,47.73366784,64.66358374,1,45.83529494
115.5524279,0.36230426,265.1785718,43.8053395,69.87334517,1,42.6607103
115.9209486,0.196330488,255.6238285,43.16587794,59.24048976,3,46.77229933
119.6144915,0.28286562,252.0840221,43.04120925,56.80152477,3,44.20375261
121.7057599,0.281427957,248.7481374,40.38794908,61.51757992,3,44.6983442
121.383454,0.229624415,234.9207082,53.07687845,51.64857098,1,41.98067361
124.1359162,0.261109166,244.3864985,43.38839765,80.89538722,1,40.32231338
120.0650095,0.244471208,216.1408637,51.0857926,43.92338973,3,44.2325149
127.2676704,0.387613522,248.0332075,52.60658026,61.84740579,2,41.36899231
118.6767158,0.34678392,230.2281779,49.99155449,80.23606219,3,46.16600086
133.6008458,0.363577755,227.9282137,42.84189844,60.06799845,1,44.98873166
123.1283367,0.336083603,253.597883,47.01865045,58.09960965,1,47.33670766
115.7142122,0.243547411,277.8400457,44.87902197,56.42554577,3,44.91805155
114.6455375,0.273773987,268.3663321,40.4814907,58.19608318,3,43.2374346
122.4123621,0.324468728,218.5899879,46.62179641,73.72848475,3,46.13295218
118.8826861,0.23889361,230.2074373,39.10480104,37.88138089,1,44.88991693
123.5700025,0.335649922,268.8154238,50.93839694,75.33433701,1,46.96288682
122.3661881,0.28798373,230.3502521,42.67691351,45.76042848,3,44.74174653
119.6358554,0.28125896,245.507337,46.00579828,57.33347671,2,42.82255344
115.7660314,0.335547998,261.001042,46.41643936,55.7075558,3,47.40653123
112.4257639,0.322213166,230.6331109,43.70547513,65.8855327,1,48.05455779
117.7674252,0.281951692,252.1075101,47.93346901,44.01875648,1,42.55694715
124.281994,0.35796649,223.3194901,42.62548172,64.62172666,3,45.22416121
121.0704687,0.245946834,237.9726471,49.35648649,80.24309623,3,47.20303726
113.7713061,0.33079678,256.3956387,38.2701016,46.36825995,3,44.11336475
120.8659046,0.329655063,218.1401253,45.6318979,61.89706168,1,44.13267969
121.9265869,0.284522678,258.8094948,54.694645,53.38017822,1,45.98272353
115.5807128,0.316306651,249.607244,39.99834338,64.25887206,3,47.87624548
120.7686255,0.237444321,261.0497991,41.61127515,60.19147777,2,40.49241141
120.2910436,0.346201351,254.4782827,47.56953925,53.58513091,3,45.87182093
114.2851485,0.290754893,277.2828086,45.89790891,64.87872285,1,48.09517983
121.7889368,0.273863849,252.5044901,46.7531505,78.0434811,1,45.95879258
122.8039226,0.352450461,241.4118892,47.44593565,58.09096208,3,47.60740571
125.4152562,0.264782815,252.4459501,48.17360734,67.19757942,3,49.24683075
125.2690103,0.229576935,260.8659606,50.54849921,47.06727042,3,48.32628491
113.1116532,0.222168541,250.9772014,47.04909328,50.43563623,1,44.54630081
115.3108748,0.330300498,250.8118338,43.79371173,64.72406278,1,46.41318181
122.5751763,0.235978532,235.9601662,48.36286851,74.84116029,3,44.51711622
122.5689298,0.387739709,236.7419816,54.49940967,63.55613349,2,45.8779979
122.5752384,0.19590353,221.9478946,44.33683127,56.86941969,3,45.19757012
139.2636575,0.384822818,284.9915349,40.12735348,59.99291405,1,48.57805204
122.8544526,0.310550873,225.1227353,50.53540335,47.49592266,1,44.54663634
125.6778282,0.295164344,236.141896,44.39809418,66.04515326,3,46.88669458
124.7700088,0.272754046,235.6318547,34.13665227,68.82333062,3,47.66695236
123.2569563,0.319956806,267.8984875,49.23710839,55.47909667,3,43.72462627
118.4236538,0.298118265,244.1010064,42.32335907,55.29957852,1,46.47092058
123.7948461,0.355165094,274.9548415,44.54733359,62.6587823,1,42.58174589
116.1358739,0.305711382,236.5301875,46.65990165,55.63280264,3,44.59439283
118.815907,0.307515088,255.5798832,45.9524984,59.33867385,2,46.24601483
117.5731823,0.281819389,233.2930589,48.54725909,80.99721789,3,43.07998463
120.4093707,0.297152719,292.9029826,42.82256815,57.52974299,1,45.96857472
131.5732928,0.315390088,226.2480316,47.56552899,56.41659848,1,47.85817413
110.663674,0.21449158,256.1964142,43.70226661,53.52458194,3,44.74600174
123.431301,0.232590729,262.6755376,48.6940524,67.44191971,3,44.25272097
111.9364206,0.337163205,258.2759819,48.07683742,58.18775827,3,48.65852971
117.6403407,0.308543272,246.2942468,40.32280649,53.50626962,1,49.2089254
125.444753,0.290800833,247.403586,50.42991058,73.21304032,1,44.019518
120.3214001,0.300921697,250.8762294,42.32018277,74.19603005,3,46.1760751
114.6112761,0.317379085,247.05996,49.04028899,53.99576434,2,48.93257074
116.4234815,0.273012016,269.2775823,46.83643657,41.33460049,3,44.29438054
123.3979887,0.261084764,294.21046,54.19091838,70.0751369,1,43.99036881
116.3481668,0.309792263,238.8501643,43.88267009,53.15370174,1,47.04383948
121.0822929,0.251081361,222.6039404,43.25341602,67.90625599,3,46.34422068
120.2278592,0.320412638,248.234359,44.90290197,40.29896182,3,45.0549093
116.7419983,0.21487082,301.5941868,43.48410109,68.92597338,3,45.15179038
130.7197204,0.351457782,233.9265086,48.99970951,47.88828071,1,47.69366665
123.1695951,0.323629874,282.7823361,36.91844696,67.30764119,1,44.12753803
109.8742871,0.312801487,283.5540163,39.7315879,60.14273068,3,45.33716841
120.9322716,0.349134549,238.9282352,39.66098539,50.46060581,2,44.429753
116.6910677,0.383273722,261.3796616,49.75153796,55.92963687,3,48.29303132
124.2621667,0.350718503,282.5679325,53.55306686,66.86318457,1,47.64586749
116.0373963,0.207956288,242.4174452,44.47775391,61.05894453,1,45.84223032
119.4263178,0.236021152,245.9283928,44.15589138,65.8441298,3,48.79498012
122.5249364,0.268759071,238.3663817,45.35026082,79.76440585,3,43.41843008
124.328776,0.301304553,229.7048654,50.80939151,44.35758388,3,47.17500756
113.998518,0.325882951,237.0144491,40.36323433,76.17212575,1,39.76807811
118.3274938,0.263712809,225.5211947,46.19184491,61.04355938,1,45.17870524
117.6252734,0.309338338,250.6816694,49.87598815,51.01215952,3,45.92395102
116.7333538,0.262230853,234.6005354,47.50547085,46.69686374,2,41.96481564
128.8272712,0.26942411,254.6757182,45.94790808,58.10879609,3,46.00164303
122.0249086,0.229666945,218.8820871,50.00523046,69.21650112,1,42.73315611
113.6955802,0.253838338,256.6176046,31.48383854,58.7245088,1,49.1141989
124.5893097,0.23241577,266.6705792,48.3893766,75.1115493,3,48.44419792
130.610781,0.251206337,210.1252871,41.72962158,45.4882431,3,44.70704903
125.1623263,0.35268209,257.4811314,35.84683552,59.87911052,3,45.7564429
112.4031502,0.252530056,274.5533798,47.556013,47.47606556,1,45.21972471
117.5788296,0.431619103,225.8071796,51.86829273,63.63631883,1,44.24477047
126.3345557,0.324665895,283.4514477,44.31275743,68.8688739,3,44.50898163
116.4616527,0.309241806,258.3803802,49.76437274,55.79238206,2,42.7712151
122.2190971,0.257082111,235.8997629,53.06139129,33.95786143,3,43.92550395
123.8731703,0.335015494,248.8846184,51.57457227,61.98948147,1,47.68175785
115.3653476,0.271218109,261.1665383,53.19982265,64.36738552,1,46.02094873
119.7023732,0.306100491,251.5201078,48.71063746,64.04294755,3,43.43737123
103.7936633,0.428004227,260.7751198,45.37716819,72.35782192,3,45.88609649
114.8780618,0.295197005,231.5865281,36.99017094,49.2894632,3,44.90960139
118.7371592,0.357463666,253.3872165,43.76968756,66.80216105,1,46.1717473
113.7610841,0.264841179,221.7257101,40.78376702,71.92507512,1,48.58190546
128.1620565,0.298250575,247.7754788,55.85471359,42.21412416,3,44.05445179
112.8492931,0.388540032,231.9218472,44.12057094,63.19651826,2,45.53147393
117.7997776,0.268651647,235.2894011,45.61602403,54.95820169,3,44.19858663
120.6537029,0.390622428,274.7218635,47.75742688,59.18477327,1,45.25355637
127.2063664,0.335387597,271.8262024,45.21801223,63.47676484,1,44.3726135
112.8206892,0.271876661,262.1827624,53.4752552,55.12771436,3,42.63388222
125.8158188,0.331620387,228.1537447,41.88675319,53.24291921,3,45.5278592
120.0511653,0.348627722,243.671831,45.97303728,60.34152417,3,42.62389876
115.0924567,0.331090498,274.261954,41.28764707,49.12754061,1,43.10141841
122.3105174,0.221488764,252.8343383,38.39988744,49.14174871,1,45.78569181
120.9952985,0.263643141,296.3865908,41.94115455,66.79373283,3,45.6578392
116.9989156,0.287624068,257.8663568,44.81481601,48.51205965,2,44.65130161
120.3490104,0.296278329,253.8409823,42.85348888,66.66312501,3,44.95606946
118.073432,0.331033605,243.8176707,41.5378951,64.62591293,1,46.51294081
120.5675867,0.30888505,252.6708181,37.96841268,42.74193271,1,45.88733108
123.3106534,0.233232782,246.9506033,44.58447214,53.22435348,3,43.73050103
127.9300841,0.319009893,264.1621735,37.47639813,71.94109403,3,40.44121474
113.8109225,0.330529287,269.1340463,48.80027982,50.18834469,3,43.79236682
130.6651669,0.327989522,234.2802108,45.41219876,55.35595738,1,42.46410094
110.239561,0.354039036,223.3753409,37.7122425,64.62060893,1,45.79957719
119.2410745,0.341696108,213.2758925,43.45395461,67.83390509,3,43.12988777
122.941586,0.322959004,260.1598265,41.23921797,57.48461114,2,42.19609969
121.4049593,0.296491714,227.9326679,46.59587255,54.02489805,3,43.46002444
116.8865024,0.216951953,206.9421881,51.70225223,74.22369862,1,45.07481437
118.9593887,0.321480911,257.7715721,35.62413765,77.38899664,1,47.60859028
117.5349953,0.310384384,299.8599903,45.5751304,69.78858051,3,41.39734524
117.0531762,0.313578942,249.8785818,44.19933602,60.85318143,3,45.45096974
124.2480105,0.236162571,266.7698155,48.35670038,51.91734278,3,43.48462686
121.7850774,0.245947173,251.6365872,46.06598314,51.69555593,1,43.73010001
116.535452,0.352657643,248.0222069,41.24015334,65.22514105,1,42.22783034
124.4979994,0.298022242,268.3815297,43.40473032,64.18398221,3,47.82264865
121.5364976,0.334075035,244.1945091,41.01987072,74.01598593,2,40.48276014
124.0643106,0.301415919,255.3478463,50.38003569,66.50450093,3,43.12739014
123.1481442,0.301487807,256.4339561,45.10655824,44.96919698,1,46.73952922
115.8550249,0.34691419,236.6381909,54.50595343,70.51947618,1,45.70622191
117.1990948,0.274197764,269.840847,44.69669593,50.01939373,3,49.44814175
123.736468,0.304806039,246.5008049,41.45796617,56.16028728,3,45.91622502
123.0518513,0.276886236,234.8850968,37.43142804,62.50200206,3,41.96613812
119.895492,0.278275189,260.7301969,35.98430162,79.9566749,1,45.9098929
120.5866369,0.284541394,232.0306404,37.07932028,91.09918556,1,42.5088783
126.3883245,0.311106689,250.5636231,46.33563326,66.06723059,3,45.3708067
117.0421431,0.276062569,249.8176201,47.54362512,58.16803381,2,43.69554895
122.7354869,0.362787806,271.7179113,37.09404649,65.34505648,3,48.59196868
118.9890367,0.255269635,259.4939647,49.47519157,68.87655426,1,43.90060578
118.911594,0.290656418,249.4994608,42.58469474,56.79332374,1,43.58459404
125.4938843,0.278013447,266.355326,45.73396506,77.95211356,3,44.17835823
124.1270817,0.372348894,277.804151,53.06110314,62.30070759,3,50.56374975
124.0675482,0.309827739,261.1562061,49.48419658,64.97743089,3,43.34275497
126.527394,0.351592227,250.2070524,43.65734676,66.65924252,1,48.30365132
120.1050192,0.225721981,223.7632754,40.54403887,64.21586611,1,47.04474956
123.4097649,0.313352513,228.6977267,34.24092299,68.389405,3,45.91022861
118.4486662,0.34448154,243.8955059,41.4042334,53.82746813,2,44.75516271
121.6208318,0.304114199,237.809756,43.94434881,54.41698246,3,46.90945245
119.3492847,0.353274019,246.2605739,40.06410236,48.99845767,1,43.46469556
120.4849798,0.274135577,251.1329985,44.34371516,64.39501231,1,44.63836467
122.9757851,0.370467372,260.5938551,45.38425941,67.78936504,3,45.78624765
115.9088966,0.414944906,248.5900244,43.87572009,64.57772866,3,43.35324511
130.4619364,0.281858072,259.7300329,41.7499871,76.74492433,3,42.44759629
114.9699131,0.277724874,251.2894883,45.84327336,59.94403981,1,45.99906844
113.9290569,0.372669224,210.4906687,47.20970325,66.68741656,1,48.88337878
125.7905544,0.378978607,231.2132921,39.54800461,49.08299124,3,47.49137959
123.9583135,0.273856999,247.1182489,52.0546619,56.12900298,2,44.28672033
123.1205991,0.278990659,225.8061051,44.50705934,66.95537758,3,45.81073492
123.1417275,0.28591077,261.9985746,45.09424811,68.49102111,1,45.10173729
119.9387661,0.232777474,280.6150166,48.54107212,57.06033052,1,42.50602845
115.5137281,0.254067403,274.375237,46.16608066,59.28400748,3,41.60533824
120.3790228,0.249792962,245.7311426,49.76568317,44.82126253,3,49.71561652
116.6141914,0.261610122,279.8145227,46.43562083,56.42970799,3,45.02608506
124.8755987,0.298265756,252.9733491,41.93781313,68.90383164,1,45.91282669
119.2647131,0.311710737,243.2582806,46.80751763,65.75205016,1,43.05819586
115.872514,0.377525025,237.7319467,39.28136896,65.00665721,3,47.44244902
118.3930708,0.250082298,243.9506063,45.54279853,60.49773687,2,48.10294852
122.0646573,0.34921612,242.2364636,44.83385005,60.07063159,3,49.94034489
117.1813772,0.289300558,253.4083244,43.95941571,53.39678861,1,46.4782704
115.888898,0.297526815,253.2114796,44.35731244,66.9882842,1,46.29732789
121.2184361,0.333740975,250.0609204,35.59075477,64.20972944,3,41.72403362
121.2248329,0.243863899,258.7387634,42.25637546,64.92018848,3,46.92749964
117.4652841,0.319120487,273.8129255,45.46422451,54.73965157,3,43.89444147
117.6448085,0.30832261,268.9910827,45.79928196,38.4665708,1,44.4688457
121.1602497,0.324622563,220.3020406,39.8616243,70.97152712,1,44.4338635
112.7595783,0.314458432,198.9215773,51.3285392,55.21162544,3,43.5378817
112.9626811,0.422765007,268.6863982,40.66912576,51.37224236,2,44.91605721
116.4077789,0.268113001,222.662426,49.847286,66.93478912,3,44.46318077
118.9327642,0.273450152,245.504692,47.13597181,56.0798736,1,43.7847591
121.5545378,0.268842974,226.5977395,41.76886345,70.59936384,1,43.38406604
127.3767811,0.272226144,213.9603912,53.87655446,66.1700595,3,46.32575995
124.2882981,0.268130644,260.8292546,39.03181584,66.83569323,3,43.21859111
119.2003074,0.359450827,265.1831032,49.59577087,46.34044289,3,45.51823935
119.904919,0.371025212,238.469792,50.00291159,72.11943985,1,46.8421069
114.9873532,0.271462685,198.1791542,41.64689895,62.61250531,1,43.80797586
119.9074343,0.258382221,239.075111,51.9623265,56.30722861,3,43.64273925
118.5567068,0.323570778,257.8360801,43.74976743,61.43388467,2,42.41021666
121.6135928,0.272388848,220.4217686,46.44346815,42.23764767,3,47.81761853
115.8638453,0.331646591,253.6671984,46.30160919,64.08652811,1,44.40849404
122.5967326,0.310146151,249.693803,44.32845629,49.70628492,1,42.78423901
127.6636946,0.224212794,261.58583,49.05404137,46.47329714,3,44.28040896
119.4561993,0.37737526,252.3916074,48.9674436,44.77640814,3,41.0015232
122.0085586,0.389793884,230.5386212,36.25734013,71.12688375,3,45.00727152
123.45072,0.269360565,273.93143,51.52170121,53.70736606,1,45.10819366
117.9938976,0.280614922,246.8294085,36.68754006,75.3372771,1,46.3376422
121.1204624,0.31429327,249.4539092,50.16273102,54.64198537,3,42.79694873
120.062962,0.316722839,231.3346408,50.63352568,42.92642042,2,43.40438826
120.4883805,0.332927214,241.134355,39.54516785,48.8347556,3,46.47011606
116.1349511,0.400510227,232.3039457,42.94592856,72.3581162,1,47.58902619
120.1225509,0.291152639,246.5410788,39.47147666,58.44101822,1,43.64794105
122.4899915,0.260085138,284.2341696,43.92539485,54.51712704,3,44.72147964
127.255718,0.231034039,222.5619771,43.45982858,61.60018226,3,42.27687351
124.7963541,0.263453498,217.728772,48.89830266,65.01782736,3,45.63796118
130.7659123,0.298343651,279.4234065,51.55154373,71.17398816,1,43.25522344
116.1632622,0.389727893,245.8135265,51.97841905,74.4849923,1,42.15660458
124.3616032,0.274119435,236.6185452,42.18915987,56.40231354,3,42.84717691
120.91671,0.311189398,270.7980937,43.95389063,46.73952314,2,42.69990309
130.9490147,0.299178855,237.8876892,36.58280904,55.86534839,3,46.09035101
115.9585086,0.359419664,286.5201943,40.97064967,62.60280507,1,43.89706976
115.8013908,0.426346621,263.5585174,49.82425817,50.36241074,1,42.6885936
117.0030368,0.273456561,240.2417718,53.07791412,50.42849085,3,41.94914829
109.3805214,0.275528028,293.1461643,38.82825564,63.43787882,3,43.99884367
117.3712249,0.352208044,237.8857015,42.0376787,59.51347648,3,46.94235944
116.2043367,0.334094574,264.8419074,44.86797122,60.32796995,1,40.61089074
120.7519689,0.392335366,255.9858516,46.40080579,52.41504665,1,43.43659216
121.7087799,0.329196409,276.0348258,40.9519824,57.69599286,3,43.13128704
129.3808542,0.282035395,281.2302239,47.12030522,50.75766856,2,47.85481862
124.7521192,0.329532742,250.640083,42.63080326,68.90198411,3,45.0915925
117.1154817,0.355435179,234.9316426,44.92773865,70.35249335,1,45.90503837
115.5079266,0.341024109,259.1994429,47.73142124,41.53812138,1,43.7055178
122.4595959,0.325363702,236.4456926,45.03211135,50.7048914,3,39.9360426
113.398834,0.353333734,290.267745,42.81807055,45.03470745,3,46.46244157
129.1572938,0.35846478,252.7307066,44.45195098,53.49976066,3,45.35512741
125.8972006,0.36910795,242.693569,44.5581852,59.1656203,1,47.98907946
117.6541217,0.332435494,253.6936061,43.14994485,45.5035478,1,51.46648747
111.4343274,0.291644096,223.0574742,43.70601969,50.78140187,3,41.33736336
126.7693619,0.307335684,230.5677192,52.99323585,49.96042628,2,49.93850641
119.4273008,0.360325448,274.0082782,47.80459724,62.07267329,3,46.69655471
126.1890816,0.259153216,236.8621144,43.52259841,60.69344337,1,45.17026039
112.0278617,0.318433665,229.0617803,48.48477202,52.78262447,1,45.40040496
117.0031249,0.280333059,260.7330551,43.33090255,61.76820872,3,44.72128769
120.0262185,0.301437241,273.7140831,50.86562319,54.53319915,3,44.05581588
120.234903,0.363922593,264.3790662,46.84821096,57.2834489,3,45.56017227
117.7496726,0.309554953,269.9209537,44.46348928,76.7345209,1,42.401628
123.1142497,0.302321827,234.8640982,47.23858463,73.40461052,1,43.96891225
114.6618979,0.232007193,221.5637867,37.14561924,47.00418763,3,44.84968068
119.2881026,0.337312678,280.026673,39.36616266,68.29732418,2,42.86603923
120.6014782,0.332274209,243.5464032,39.03037497,68.11396554,3,43.87749939
122.5721942,0.408162736,244.9833397,45.71471547,48.51736711,1,49.56116063
123.5580744,0.284611088,276.5638828,53.662575,68.18777644,1,43.25439581
114.3767895,0.310957516,261.1246002,56.15650073,75.37931918,3,45.31383125
112.3294291,0.312469184,259.1177554,48.19025551,48.77455194,3,45.52964075
126.3883841,0.378872664,293.3000469,47.50422237,50.82497179,3,45.68378239
121.6615701,0.295235223,237.1296354,35.99471133,70.17661467,1,45.82090019
116.2575673,0.313951076,268.5568026,42.286631,62.71495311,1,48.55019224
127.7557599,0.330394825,251.1402625,41.06108124,65.51476275,3,45.48960659
120.5783732,0.309330456,255.3718456,41.89576201,63.40589216,2,46.54511212
125.8964859,0.277678319,280.5693685,44.15928091,63.90695921,3,43.90350973
120.3375924,0.3097045,260.1567151,42.63954711,46.73527872,1,47.059575
130.3037396,0.353681587,260.7659216,35.10350095,70.47317707,1,42.95498079
128.7767042,0.248674235,271.4501467,48.73955128,71.69589992,3,46.41278958
118.7551793,0.306648484,242.7009454,39.63628487,57.70609256,3,45.03644907
124.8578548,0.264993959,233.2158067,46.19623432,59.5652305,3,45.2898294
123.2268797,0.359752331,229.1038161,55.37041335,44.68892497,1,43.40749321
126.8431578,0.223840655,210.6728682,40.40307704,65.14254756,1,46.56842178
115.1753827,0.272053908,291.1241426,32.34856239,65.72057442,3,45.02011076
123.4302573,0.318860594,227.9358327,43.56997889,59.37808983,2,46.81395841
125.2921224,0.378276201,245.5749275,50.50479817,71.2435336,3,48.60043444
111.2063026,0.296712487,244.463734,54.79173727,56.65922769,1,48.07222233
114.0837074,0.272240024,256.148134,38.85225203,65.64605926,1,47.2048545
109.8038391,0.394057853,266.3147443,47.48349612,49.80335661,3,45.4351467
118.6529658,0.227599305,267.2094698,42.67344772,59.76447849,3,43.74376898
123.5877113,0.190059702,238.3384512,44.47025823,58.25645742,3,46.81268587
127.5117853,0.322000723,246.6575657,58.22171674,62.25307922,1,49.02452831
120.3704739,0.274897289,255.651599,37.48514836,56.30473071,1,48.83437847
128.1430777,0.248938359,245.0261775,46.26869831,58.68527404,3,44.36578317
113.0994927,0.335417822,282.1469115,47.33846586,68.26047171,2,43.26459827
111.4830878,0.312190036,259.819499,50.42893162,55.63235763,3,40.43272406
119.7222615,0.271796068,264.6975557,45.48991577,43.93422899,1,44.50777327
121.9203272,0.23598478,263.2576254,46.5402527,77.49583904,1,47.13866222
119.8365263,0.343622866,273.4694771,43.04175716,73.81454079,3,43.45288668
109.6627895,0.332510059,253.6204312,46.34563471,47.07737305,3,46.42194229
119.5543998,0.295041207,224.063361,43.28403862,66.89707805,3,46.20762072
113.4776525,0.39233185,257.993759,48.10785945,54.97025229,1,46.34351653
123.3483627,0.246495762,236.9728621,43.15194832,62.63487215,1,41.56360871
121.8329912,0.223723741,239.4276664,46.88550197,62.94224129,3,45.05891007
115.3006011,0.265404597,261.7272804,44.85368593,57.655922,2,38.21276158
117.4306654,0.297720699,274.7656614,50.63025125,52.16234334,3,44.23850777
114.7039324,0.312166972,250.4254315,44.74303138,53.09458948,1,41.32543785
119.6866045,0.287938197,256.1766603,36.13483766,50.83808085,1,46.93434345
124.7757116,0.31760277,284.0442989,51.3096075,51.68177792,3,45.29967933
115.0713698,0.237423029,254.8150636,40.4713385,59.3282171,3,45.80568728
122.5202326,0.37218823,302.0336623,41.73116831,52.84240011,3,47.48140482
117.3487119,0.295892441,261.3101929,42.02169353,66.82052066,1,40.17271827
116.0356358,0.355864792,214.7847448,51.87219047,74.87246155,1,50.54769842
119.4648482,0.317136267,265.0668324,34.32162893,54.19946759,3,47.95315278
114.8237884,0.322837661,257.6231677,60.68874267,62.39404501,2,44.1505887
117.2317535,0.328488364,275.7950551,50.28028405,64.9968511,3,47.29005934
114.0106105,0.322385428,263.463627,46.11619457,64.72002271,1,41.61575863
129.8236257,0.332136138,247.2308803,44.72553,60.75955268,1,45.04669455
120.1763178,0.366457627,225.5140353,46.42777037,67.42682418,3,45.68010925
116.5013725,0.309826058,245.8195349,47.60561214,64.82248953,3,44.09873831
121.0698996,0.335450188,232.9895909,48.22607793,47.62337578,3,43.91041536
119.4383598,0.295513215,238.389531,47.77802233,68.69156064,1,47.62145291
118.895152,0.372005861,261.7715681,45.44790341,68.87290837,1,43.14556576
123.0708335,0.266180385,283.3980901,44.0133079,52.36713896,3,45.29318657
123.7875386,0.390047022,257.8934306,44.24363358,60.37937835,2,43.99122523
117.3474943,0.297992102,226.0823388,44.0254586,66.83328993,3,40.90424568
117.1209088,0.228461245,258.8920534,50.66885048,57.9068618,1,45.32146144
118.6247415,0.306405221,273.9326297,47.96778361,70.72978048,1,41.08409049
108.4903942,0.265947417,237.8043419,30.29805683,83.63872495,3,44.78185341
112.4240447,0.342032177,247.3196567,48.27950388,52.14013967,3,42.31562841
126.8343713,0.267368801,250.2937639,45.97368097,46.18955397,3,47.91394693
128.2248386,0.277690828,234.3020337,44.90645622,63.03818596,1,46.1057093
118.7548198,0.205522963,262.9656087,43.05740773,67.21562505,1,43.92692332
122.8827848,0.277384684,247.581037,50.6205636,57.69133626,3,48.5052289
121.5562508,0.178806034,258.3906489,49.73763231,74.53260663,2,41.2017211
135.394404,0.220804859,232.2501564,41.13561166,46.613942,3,47.2405491
125.5978746,0.338020733,241.250834,47.03526144,66.92918623,1,46.78597026
119.360412,0.339290008,264.4476272,40.14171633,53.94139179,1,45.22585958
115.2222978,0.321272878,242.543337,38.10190918,77.19377906,3,44.94156991
111.9677684,0.251651193,284.539277,41.86641388,79.92515353,3,46.10367364
121.0173182,0.297614432,242.0072763,49.31196736,52.33343412,3,45.51326316
116.2182463,0.299819873,254.4936945,49.76562523,54.50442864,1,40.67962691
112.8887315,0.242081766,268.6518166,47.5654271,68.59587887,1,42.56468902
116.7671356,0.375169915,221.6326853,48.62547893,56.1286935,3,46.28477733
114.59226,0.343868115,214.7838238,47.58089144,59.54588782,2,45.85167191
128.4357082,0.288951791,219.4868737,41.79259202,60.25388421,3,41.81502844
124.4081988,0.301344292,275.2516821,47.15961272,40.80326844,1,48.22575418
119.9601368,0.31041914,238.9628371,49.00204763,59.86162254,1,47.70577079
127.3997207,0.197913257,301.1639857,48.77145665,53.10272226,3,45.99077986
120.3868415,0.287641131,238.715048,50.94456686,55.06877178,3,45.64027291
115.693579,0.265900788,253.6910261,48.54151924,74.43632003,3,44.04026535
127.6156204,0.249919,280.8421991,46.75724104,47.43493106,1,43.60766266
122.6945502,0.285944985,290.1218578,50.35075119,68.13205187,1,47.09011508
114.8137692,0.389884326,291.2300715,44.8673937,57.2103707,3,46.3310061
119.0483066,0.332042143,274.1673246,40.59062674,57.20239832,2,42.46839034
115.6219087,0.271441051,270.4812505,44.18466518,67.90371896,3,45.48520236
113.0860013,0.328629139,261.850539,41.27548678,63.40051295,1,44.33280877
